title,views,description
Tales of Demons and Gods,"157,066,549","
Nie Li, one of the strongest Demon Spiritist in his past life standing at the pinnacle of the martial world , however he lost his life during the battle with Sage Emperor and the six deity ranked beast, his soul was then reborn back in time back to when he is still 13. Although he’s the weakest in his class with the lowest talent at only Red soul realm, with the aid of the vast knowledge whi ,
"
Solo Leveling,"94,917,322","
10 years ago, after “the Gate” that connected the real world with the monster world opened, some of the ordinary, everyday people received the power to hunt monsters within the Gate. They are known as ""Hunters"". However, not all Hunters are powerful. My name is Sung Jin-Woo, an E-rank Hunter. I'm someone who has to risk his life in the lowliest of dungeons, the ""W ,
"
Tomo-chan wa Onnanoko!,"81,695,730","
Tomo loves Jun, but she is really boyish (speaks like a boy, is the strongest karateka of her school...) and can't get him to think of her as a girl. Read the funny lives of Tomo, her best friend Misuzu and Jun! ,
"
Star Martial God Technique,"73,619,646","
In the whole world there lays twelve paths to climb Tower of God, and in legends these twelve pathways leads toward legendary road of immortality. However these paths in the Tower of God, are far too long, without end. In ancient times there once were many types of martial arts, sadly the world underwent terrible changes, and only three were left: Flame, Dragon and Star Martial Arts. Generations o ,
"
God of Martial Arts,"67,696,469","
In this world, respect is earned with martial arts. Weak martial artists have strengths of tens of thousands of pounds, capable of cracking boulders. And the strong ones can cut off rivers and split mountains. There are even martial kings who know everything and can travel across the universe. Martial art decides your fate as well as your life and death. The weak is humiliated while the strong loo ,
"
Kimetsu no Yaiba,"59,852,336","
Tanjiro is the oldest son in his family who has lost his father. One day, Tanjiro ventures off to another town to sell charcoal. Instead of going home, he ends up staying the night at someone else's house due to rumors of a demon nearby in the mountains. When he gets home the following day, a terrible tragedy awaits him. ,
"
One Piece,"58,393,964","
Where To Read One Piece Manga Online
If you’re a fan of anime and manga, then you definitely know One Piece. It’s a Japanese manga series by Eiichiro Oda, a world-renowned manga writer and illustrator. It was released nearly two decades ago back in July of 1997. Since then, the manga has been adapted into an anime series and OVA. There have also been num ,
"
Apotheosis,"56,912,625","
Apotheosis - elevation to the status of a god. Luo Zheng, now a humble slave was born as the eldest son of a wealthy family. Due to his family's decline, the kidnapping of his sister by a powerful force, he can now only be stepped upon by others. However, heaven never seals off all exits. An ancient book left by his father reveals a secret divine technique, giving the reader immense power! But ,
"
Mousou Telepathy,"55,930,848","
Nakano-san is a high school girl who can look into people's minds. Because of that, she finds out that the mind of the popular Toda-kun is full of wild fantasies about her! ,
"
Versatile Mage,"52,519,465","
Summary:
He awoke, and the world was changed. The familiar high school now teaches magic, encouraging students to become the greatest magicians they can be. Beyond the city limits, wandering magical beasts prey on humans.
An advanced scientific world changed into one with advanced magic. Yet, what has not changed was the same teacher ,
"
Domestic na Kanojo,"48,688,720","
Tonight, Natsuo loses his virginity. His partner? Her name is Rui and he just met her today after school. She's the one that brought up this whole situation, stating that she wanted to simply gain the knowledge about sex. She does not want to start a relationship, nor does she care about Natsuo. Afterwards, Natsuo feels guilty for losing his virginity to a girl he doesn't even particularly ,
"
Hajime no Ippo,"46,733,090","
Hajime no Ippo manga is japanese manga written by George Morikawa
Several bullies directed by Umezawa got into the practice of picking on him, because he kept to himself. One day, he was given a somewhat serious beating by these bullies. A middleweight professional fighter who was passing by to treat his wounds and took the wounded Ippo to the Kamogawa Gym,owne ,
"
Iron Ladies,"46,134,941","
University graduate Mu Siyun sent his resume to the star fleet on a whim and somehow became the Fleet Admiral! Ths is the story about an admiral with a harem of 3000 female soldiers conquering the universe…
,
"
Kingdom,"45,363,931","
Millions of years have passed since the times of legends, when the worlds of man and gods were still the same. In these times it was the desires of man that moved the world. It is the era of the 500 year war - The Warring States period (403-222 BC in Chinese history). Kingdom is the story of a young boy named Shin who ,
"
Komi-san wa Komyushou Desu,"42,728,658","
Komi-san is the beautiful and admirable girl that no-one can take their eyes off her. Almost the whole school sees her as the cold beauty out of their league, but Tadano Shigeo knows the truth: she's just really bad at communicating with others. Komi-san, who wishes to fix this bad habit of hers, tries to improve it with the help of Tadano-kun. ,
"
Brawling Go,"41,542,363","
Read Brawling Go Manga Online
Sized hero is trying so-called impotent . But I am given the opportunity of a life reversed the accident triggered the sinking ... but not this time ?! Do not even worry ... ... hell even worry eojjeorago !
The main character Jae-Jin in Brawling Go Manga has problems getting an erection, but he gets a lucky opportunity tha ,
"
Boku no Hero Academia,"40,927,334","
Boku no Hero Academia Manga is a continuous Japanese super hero manga series written and illustrated by Kohei Horikoshi.Izuku Midoriya was only a regular middle school pupil in a world where individuals with superpowers known as ""Quirks"" will be the standard. Nevertheless, he dreams of one day being a Hero, for lacking a Quirk, despite being intimidated by his cla ,
"
Tang Yin Zai Yi Jie,"40,279,233","
His body has different abilities, but he has not found any way to use them in the real world, all he can do is to be a professional killer. But at least after going to a different world, where there is only fighting or death in the battlefield its strength will appear differently. His name is Tang Yin... ,
"
Yong Heng Zhi Zun,"40,162,651","
[Summary by OSTNT]
It has been a year since Li Fu Chen lost his “Talent”. Now he lives the life of a trash, being bullied and beaten by those who once was inferior to him. However, he still has not lost everything as he’s still engaged to a strong and pretty girl of a powerful family, but that came to an end as the engagement was abruptly cancelled.
With shame brought to the family and his ,
"
Onepunch-Man,"39,677,501","
Onepunch man Manga
One punch-Man imitates the life of an average hero who wins all of his fights with only one punch! This is why he is called Onepunch man Manga. This story takes place in the fictional Z-City. The world is full of mysterious beings, villains and monsters that cause destruction and havoc. An association of heroes has been establishe ,
"
Doupo Cangqiong,"39,547,564","
From DesperateScanners: In a land where no magic is present. A land where the strong makes the rules and weak has to obey. A land filled with alluring treasures and beauty yet also filled with unforeseen danger. Xiao Yan, who has shown talents none had seen in decades, suddenly three years ago lost everything, his powers, his reputation, and his promise to his mother. What sorcery has caused him t ,
"
A Returner's Magic Should Be Special,"39,305,016","
""Now that I'm back, I won't allow my loved ones to die again!""
The Shadow Labyrinth - the most catastrophic existence humanity has faced in history.
Desir Arman is one of the six remaining survivors of mankind within it.
The six attempt to clear the final level of the labyrinth but ultimately fail, and the world comes to an end.
Howeve ,
"
Tamen De Gushi,"37,461,781","
The funny romantic story of how Qiu Tong and Sun Jing met and fell in love. Also contains insert art of the characters by the mangaka.
You also may like:
+ My Pleasure
+ It'd Be Great if You Didn't Exist
+ ,
"
Spirit Sword Sovereign,"36,638,923","
Once the spirit sword roars, within heaven, earth and the three worlds, I shall reign as the sovereign! Those who do not submit shall die!
,
"
Goblin Slayer,"35,951,741","
From Yen Press: A young priestess has formed her first adventuring party, but almost immediately they find themselves in distress. It's the Goblin Slayer who comes to their rescue--a man who's dedicated his life to the extermination of all goblins, by any means necessary. And when rumors of his feats begin to circulate, there's no telling who might come calling next... Adaptation of th ,
"
Black Clover,"33,758,191","
From MangaHelpers: Aster and Yuno were abandoned together at the same church, and have been inseparable since. As children, they promised that they would compete against each other to see who would become the next sorcerous emperor. However, as they grew up, some differences between them became plain. Yuno was a genius with magic, with amazing power and control, while Aster could not use magic at ,
"
The Mythical Realm,"32,475,456","
From OSTNT: The Mythical Realm: A world of blood, a world where the strong triumph over the weak, Ye Yun descended to hell to slay hordes of Demons and ascend to Heaven to slay the Gods just to prove his existence as the strongest, a world where a single being can rule over Heaven and Earth. ,
"
My Wife is a Demon Queen,"32,105,036","
Listen up folks! I’m living my life with the demon queen!
,
"
H-Mate,"31,514,199","
Jang-Mi and Taebong's long-time friendship is put to the test after they both sleep together for one night. Is this love or just sex? Read H-mate ( Hメイト, H메이트) by Turtle Feet now!!
Maybe you'll like: 
+ Brawling Go Manga
+ Skill of Lure
,
"
Moshi Fanren,"31,381,361","
Zuo Tianchen is the last living human in a mutated zombie-infested city. Just when he was sure he’d died, he finds his soul returned to just before that ill-fated day ten years ago. He swears he’ll protect the people important to him this time round and reunite with his past lover. Watch his struggles to survive equipped with his memory of the next ten years!
,
"
19 Days,"30,175,910","
 The super cute and funny adventures of a boy and his BFF(best friend forever). You'll find out the names of the main characters after 113 pictures(maybe). Enjoy the manga! ,
"
The Gamer,"29,657,623","
The Gamer manga is a webtoon manhwa composed by Sung Sang-Young and illustrated by Sangah
Nevertheless, once the primary protagonist, Han Jee-Han, realises that there's before him saying that he's eventually become a game character, a dialogue box, supernatural events begin occurring
Han Jee-Han (Hanjihan) also referred to as ""The Gamer"" is ,
"
Love Parameter,"29,501,473","
Young Hoon, a nerd guy who always fail in love. He have problem in understanding woman's feeling, that's what make him always getting dumped by his girlfriend. But one day a mystery guy appear and give him a special glasses, the glasses that will change his life forever. ,
"
Sweet Guy,"29,148,755","
Once upon a time there was a loser, but that one day he got the ability. Ask what? Well ... it's hard to explain, he knows how to instruct on ""the right path"" girls who strayed from it.
You may also like:
+ Refrain Love
+ Skill of Lure
+ ,
"
Soul Land,"26,056,887","
Tang Sect, the most famous martial arts sect of all. By stealing its most secret teachings to fulfill his dreams, Tang San committed an unforgivable crime. With his ambition attained, he hands his legacy to the sect and throws himself from the fearsome “Hell’s Peak.” But he could have never imagined that this would take him to another world, one without martial arts and grudges. ,
"
Nanatsu no Taizai,"25,942,459","
The Seven Deadly Sins Manga (Japanese: Nanatsu no Taizai) is a Japanese manga series written and illustrated by Nakaba Suzuki. It's been serialized in Kodansha's Weekly Shonen Magazine using the chapters gathered into eighteen tankobon volumes by December 17, 2015, since October 2012. The manga comes with a setting much like the European Middle Ages, with its titula ,
"
Tower of God,"25,833,596","
Read ​Tower of God Manga
The storyline centers around a boy called Twenty-Fifth Baam, that has spent his life trapped beneath a tower that was mysterious. Chasing after his only friend, as he attempts to locate his company, he manages to open a door to the Tower, and must face challenges at every floor of the cryptic tower. ,
"
Spirit Blade Mountain,"25,446,847","
A comet falling will bring about a great calamity, and in order to choose a child fated by the falling comet, the family of the ""Reiken"" clan with a long storied history is once again resuming its entrance examination process to find disciples. The protagonist Ōriku (Lu Wang in the original novel), who possesses a special soul that only appears once in a thousand years, decides to take t ,
"
Bleach,"25,266,863","
The Exciting and Exquisite Bleach Manga 
Bleach Manga is a Japanese Manga series that is illustrated and writer by Tite Kubo. Bleach has over two hundred series in which most of the series have evolved into anime series and it follows the adventures of Ichigo Kurosaki. Kurosaki is a soul reaper commonly known as Shinigami in Japan and he gained powers from Ruki ,
"
The God of High School,"25,140,923","
The God of High School is a Korean manga that is hosted by the Naver.com a Korean search engine. This full colored manga tells the story of a young 17 high school student named Mori Jin. The main character is an orphan taken in care by his ""grandfather"" without any real blood relation.
Main Character of The God Of High School
Mori Jin rec ,
"
Rebirth Of The Urban Immortal Cultivator,"24,998,797","
During the anti-cataclysm period, the monk Chen Fanyu fell into the catastrophe of the day, but he dreamed of returning to the earth's young age in five hundred years. In the last life, I was on the top of the universe, overlooking the world, but no one was accompanied. This world is only willing to live with the right person. After 500 years, the immortal reborn and returned to the city, to m ,
"
Hunter Age,"24,956,174","
A naive youngster, ignorant of the tragedy that happened 16 years ago, travels with the sworn enemy of his tribe; a Princess out on an excursion, due to the internal conflicts within the royal family, has to risk her life and survive in the mountains; A prodigy carrying the hopes of the entire tribe, at this very moment, doesn’t have much time left in this world… The 3 of them me ,
"
Tensei Shitara Slime Datta Ken,"24,376,338","
A man is stabbed by a robber on the run after pushing his coworker and his coworker's new fiance out of the way. As he lays dying, bleeding on the ground, he hears a voice. This voice is strange and interprets his dying regret of being a virgin by gives him the [Great Sage] unique skill! Is he being made fun of !?! ,
"
Kengan Ashua,"24,356,790","
Since the Edo periods of Japan, gladiator arenas exist in certain areas. In these arenas, wealthy business owners and merchants hire gladiators to fight in unarmed combat where winner takes all. Toki Taouma, nicknamed ""Ashura"", joins these arenas and devastates his opponents. His spectacular ability to crush his enemies catches the attention of the big business owners, including the Nogi ,
"
Shokugeki no Soma,"24,090,710","
Shokugeki no Soma Manga is a Japanese shonen manga means its a Manga or anime aimed at young male audience. Shokugeki no Soma Manga is written by Yuto Tsukuda, in its name, 'Shokugeki' refers to a cooking battle where disputes are settled by cooking competitions. And 'Soma' is the name of lead character.
Coming to plot of Shokugeki no Soma , it tells us a sto ,
"
Isekai Nonbiri Nouka,"23,886,840","
You know the deal by now. Middle-aged office worker gets sick and dies. He meets God, who tells him that he can be reincarnated in a new world. Our main character accepts, and decides to become a farmer.
Welcome to farming in an alternate world. ,
"
History's Strongest Disciple Kenichi,"23,516,829","
History's Strongest Disciple Kenichi Manga is a Japanese manga by Syun Matsuena serialized in the weekly manga magazine Shonen Sunday from August 2002 to September 2014.
The narrative focuses on a 16 Kenichi Shirahama -year old high school student as well as a longtime sufferer of intimidation. In the beginning of the story, he befriends want to eventually become ,
"
Volcanic Age,"23,063,142","
Joo seo-cheon, a man who survives the age of war through sheer luck and becomes hwasan factions elder only to live a life full of regrets and doubts. he then lies on his death bed waiting for the inevitable when he is returned to the past… ,
"
The Scholar's Reincarnation,"22,812,367","
A material artist, claiming himself to be a ""murderer"" is defeated by a suicide attack in battle and is reborn as a first born child to a local lord. Having a fresh start, a warm family and a little sister to protect - he decides to become a better person in his new life. ,
"
Quan Zhi Gao Shou,"22,311,893","
From Moss Scans: In the multiplayer online game Glory, Ye Xiu, is well known as the Textbook level expert and a top-tier player. Due to a series of circumstances, he was forcefully expelled out of his professional team. After leaving the pro gaming scene, he resides at an Internet Café employed as one of the managers. When Glory launches the tenth server, he throws himself into the game onc ,
"
Douluo Dalu II - Jueshui Tangmen,"21,681,786","
A young boy ridiculed as a useless child makes pledge to himself to become a spirit master after his mother dies. what will happen to him on his adventures...
You also may like:
+ Douluo Dalu 3: The Legend of the Dragon King
+  ,
"
Re:Monster,"21,343,108","
After his unfortunate death, Tomokui Kanata has been reincarnated as a member of the weakest race, a goblin named Rou. However, Rou has retained his previous life's memories, as well as an ability that allows him to gain strength and abilities from eating. He also possesses a unique evolutionary tree. Now, Rou has made a promise to himself that he would live this life to the fullest. In this a ,
"
Metropolitan System,"21,125,647","
Updating ,
"
Hero? I Quit A Long Time Ago.,"20,815,807","
Zero was mankind’s first real superhero. Under his watch, countless other superheros appeared and followed in his footsteps. However, after 5 years of war, Zero disappeared without a trace. ,
"
Mushoku Tensei - Isekai Ittara Honki Dasu,"20,461,100","
A 34-years-old NEET otaku is chased out from his house by his family. Unattractive and penniless, he finds that he has reached a dead end in life and realizes that his life actually could have been much better if he had made better choices in the past. Just when he was at the point of regret, he saw a truck moving at a fast speed straight towards three high schoolers in its path. Mustering all the ,
"
Go-Toubun no Hanayome,"19,848,625","
Updating  ,
"
Naruto,"19,496,934","
Read Naruto Manga Online  
Naruto is a manga series from Japan. It's about the story of a young ninja who wants to become the strongest leader in his village. The series were produced by Masashi Kishimoto and in 1997 were published. Later this manga was adapted into a TV anime. This studio also has developed 10 movies as well as a number of video animations ,
"
Shen Yin Wang Zuo,"19,321,276","
While the demons were rising, mankind was about to become extinct. Six temples rose, and protected the last of mankind. A young boy joins the temple as a knight to save his mother. During his journey of wonders and mischief in the world of temples and demons, will he be able to ascend to become the strongest knight and inherit the throne? ,
"
Dr. Stone,"18,878,831","
The science-fiction adventure series follows what happens when suddenly the world's biggest-ever ""crisis"" arrives. ,
"
The Rising of the Shield Hero,"18,551,774","
Naofumi Iwatani, an uncharismatic Otaku who spends his days on games and manga, suddenly finds himself summoned to a parallel universe! He discovers he is one of four heroes equipped with legendary weapons and tasked with saving the world from its prophesied destruction. As the Shield Hero, the weakest of the heroes, all is not as it seems. Naofumi is soon alone, penniless, and betrayed. With no o ,
"
Tsuki ga Michibiku Isekai Douchuu,"18,531,606","
From MangaHelpers: High school student Misumi Makoto is called into a fantasy world by the god Tsukuyomi, in order to be a hero. However, powerful others in this world aren't as thrilled to have him there, and they kick him to the edge of the world just as Tsukuyomi declares that he must leave Makoto to find his own way. Now it's up to Makoto to find his own way. ,
"
Holy Ancestor,"18,527,233","
This is a brand new upgraded divine world. There are King Zhou, Jiang Ziya, Su Yuji and Yang Lan. All of them are peak figures here. Also, there are Kings and Three Emperors of Huoyun Cave here. There are Saints and Daoist sects here. Ancient Gods and Devils, Chi You and Xing Tian are here too. Last but not least, we also have a youth named Luo Lie. He will open up a new divine era where “he ,
"
"Kumo desu ga, nani ka?","18,448,789","
In another world, the Hero and the Demon King continued to oppose each other. As their great magic collided, the explosion crossed over worlds and destroyed a classroom full of high school students. The victims who died in that explosion will be reincarnated in that alternate world. Our heroine, who has the lowest standing in the class, was reincarnated into a spider. She nevertheless faces this c ,
"
H-Campus,"18,247,941","
Even a virgin can become an AV star! The journey of an AV star leading the new Korean fever trend!
Manhwa you may like:
+ Ghost Love
+ Refrain Love
+ Yahalue
+ ,
"
Horimiya,"17,954,168","
Horimiya manga is japanese manga written by Hero
Hori is the typical adolescent woman...that has a-side she wishes no body else to actually discover about.Then there is her classmate Miyamura, your typical spectacles-sporting child in college along with a completely diffent individual out.When both match suddenly, they uncover each others' strategies and create camarade ,
"
Chunqing Yatou Huolala,"17,868,288","
After a night of drinking, Luo Yao Yao is sexually assaulted by the boss of the Imperial Dragon gang, Yu Ao Tian. They are interrupted by gang member and she is able to escape. Two years later, she's the elevator lady at China's number one business. Unknown to her is that the business was previously acquired by Yu Ao Tian. ,
"
Bokutachi wa Benkyou ga Dekinai,"17,664,562","
Yuiga Nariyuki works hard every day to obtain a full-college scholarship by his High School to support his poor family. His headmaster promises that he'll get it if he full-fills a small condition. He has to tutor two resident female geniuses Furuhashi Fumino (Literature-genius) and her friend Ogata Rizu (Science-genius), so that they can get into their dream-college. The catch is that Fumino ,
"
I Am The Sorcerer King,"17,595,110","
10 years ago, the monster horde from the rift formed from space and time started attacking the mankind. At the same time, people have started to awaken the power and began hunting the monsters for fame and money Lee SungHoon, in need of money because of his mother’s sickness, takes a dangerous job to help hunt those monsters four times a month by acting as a bait for the hunters But one day, ,
"
The Legendary Moonlight Sculptor,"17,452,110","
The man forsaken by the world, the man a slave to money and the man known as the legendary God of War in the highly popular MMORPG Continent of Magic. With the coming of age, he decides to say goodbye, but the feeble attempt to earn a little something for his time and effort ripples into an effect none could ever have imagined. Through a series of coincidences, his legendary avatar is sold for 3.1 ,
"
Why are you here Sensei!?,"17,300,534","
17-year-old Ichirou Satou is an average guy who always happens to find himself in a perverted situation with his teacher, Kana Kojima. Follow this erotic love comedy about their mishaps and how Ichirou and Kana choose to handle them.
Why are you here Sensei starts with chapter 5, after Soborou decided to continue her one-shot series Golden Times. I've also uploaded 4 chapters (chapter 1 ,
"
Martial Peak,"16,953,065","
The journey to the martial peak is a lonely, solitary and long one.In the face of adversity,you must survive and remain unyielding.Only then can you break through and and continue on your journey to become the strongest. Sky Tower tests its disciples in the harshest ways to prepare them for this journey.One day the lowly sweeper Yang Kai managed to obtain a black book, setting him on the road t ,
"
Tenkuu Shinpan,"16,952,599","
Read Tenkuu Shinpan Manga
Tenkuu Shinpan Manga (Tenkuu Shinpan, lit. Highrise Invasion) is a manga series written by Miura Tsuina and illustrated by Oba Takahiro.
High-school-girl Yuri unexpectedly finds herself to the roof top of a highrise building. She is trapped in a weird world surrounded by sky-scrapers, in which a ,
"
Hardcore Leveling Warrior,"16,904,360","
Updating ,
"
Yaoguai Mingdan,"16,849,587","
A foxy temptress. A strange misty tree demon. A girl with the power of the goddess Xianjia! Being caught between these women is a feat in it of itself, but our hero Feng Xi must fight in order to protect the peace and save the world! ,
"
Noblesse,"16,795,929","
Noblesse is of a strong aristocrat - He is beginning to become accustomed to today's world, and has woken up within an abandoned building in South Korea. He goes into a school where he meets with his true servant Frankenstein. Into Ye Ran high school, Rai registers with Frankenstein's help, and unwittingly befriends Shin Woo - an athletic teen, Ik Han - Yuna, a com ,
"
Kaguya-sama wa Kokurasetai - Tensai-tachi no Renai Zunousen,"16,774,427","
Kaguya Shinomiya and Miyuki Shirogane are the members of the incredibly prestigious Shuchi'in Academy's student council, asserting their positions as geniuses among geniuses. All the time they spend together has caused the two of them to develop feelings for each other, but their pride will not allow them to be the one to confess and become the submissive one in the relationship! Love is w ,
"
Panlong,"16,320,743","
Empires fall and rise on the Yulan Continent. Immortal beings of unimaginable power, Saints, conflict using swords and charms, making swathes of destruction in their own wake. Magic creatures rule the mountains, where the courageous - or the silly - go to try their strength. The powerful live like royalty; another day, the poor strive to endure. Raised in the tiny town of Wushan, Linley is ,
"
Enen no Shouboutai,"16,268,537","
Terror has paralyzed the clockwork metropolis of Tokyo! Possessed by demons, people have begun to burst into flame, leading to the establishment of a special firefighting department: the Fire Force, ready to roll on a moment's notice to fight spontaneous combustion anywhere it might break out. One of the Fire Force teams is about to get a unique addition: Shinra, a boy who possesses the unique ,
"
Demon Spirit Seed Manual,"15,851,492","
""So many demon spirits, I want to collect them."" Long Ao Tian. Yuan Ding, goes on a journey of collecting demon spirits. ,
"
Yakusoku no Neverland,"15,824,520","
Emma and the other kids have a pretty good life at the orphanage they grew up in. Though the rules are strict, their caretaker is kind, and all the children are good friends with each other. But why are they forbidden from ever leaving? ,
"
The Boy in the All-Girls School,"15,808,405","
In an all-girls school full of jaw-dropping beauties, a male student suddenly transfers in!!! Perhaps in the eyes of others, this would be a dream-like paradise, but in reality, the future is completely unimaginable…
,
"
Peerless Dad,"15,795,664","
Its an amazing story about one martial arts journey through marriage, fatherhood, and battles.
,
"
Kaifuku Jutsushi no Yarinaoshi,"15,775,310","
Healing magicians cannot fight alone.’ Keare, who was bound by this common knowledge, was exploited again and again by others. But one day, he noticed what lay beyond healing magic, and was convinced that a healing magician was the strongest class. However, by the time he realized that potential, he was deprived of everything. Thus, he used healing magic on the world itself to go back four y ,
"
The New Gate,"15,748,215","
""THE NEW GATE"", an online game that had turned into a death game, was now releasing the tens of thousands of players that had been dragged into it, thanks to the efforts of Shin, one of the oldest players. But after he had defeated the last boss and freed everyone, he was swallowed up by a strange light and found himself inside the game world 500 years in the future.  ,
"
Berserk,"15,725,371","
Berserk Manga is a Japanese dark fantasy manga series illustrated and written by Kentaro Miura. Place in a medieval Europe-divine the narrative centers on the characters of Guts dark fantasy world, a lone mercenary, and Griffith, the leader of a mercenary group known as the Band of the Hawk. Motifs of camaraderie, isolation, as well as the question of whether mankind is bas ,
"
Nidoume no Jinsei wo Isekai de,"15,696,422","
Suddenly, I was informed by a girl who proclaimed herself as God. “Kunugi Renya-san, you have died.” This is a tale that starts when our protagonist dies in his previous life, and is sent by a girl who seems to be god to lead a second life in a different world. ,
"
Dragon King of the World,"15,596,770","
Vast land, unpredictable future, chaos, dragons and python will rise, who is the dragon, who is the python? or sentient beings, becoming dragons? Courts, martial arts, world beyond the immortals, generations of a thousand, barbarians, demons, monsters, ancient witchcraft, strength of a thousand, entangled by each other, and meet by fate. ,
"
Release That Witch,"15,507,822","
A male engineer transmigrated into another world, and became a prince. This place strikingly resembles the Middle Ages of Europe, but at the same time, it seems kind of different? Witches truly exists, and they even possess magic powers! Magic powers are productive forces! Save the witches, liberate the productive forces! Open map, fight demons, break conspiracies, climb up the science and te ,
"
Baki,"15,475,763","
There are three series of Baki, this one is Baki, the 2nd one. 1-Baki the Grappler(1991-1999) 42 volumes 2-New Grappler Baki(1999-2005) 31 volumes 3-Hanma Baki: Son of Ogre (2005-12-05) ? volumes Baki Hanma is a generally happy student with a rather odd hobby; he likes fighting. Specifically, he likes fighting in a secret martial arts tournament that gathers the greatest fighters of the world and ,
"
Arifureta Shokugyou de Sekai Saikyou,"15,392,486","
Among the class transported to another world, Nagumo Hajime is an ordinary male student who didn’t have ambition nor aspiration in life, and thus called “Incompetent” by his classmates. The class was summoned to become heroes and save a country from destruction. Students of the class were blessed with cheat specifications and cool job class, however, it was not the case with Haji ,
"
Kenja no Mago,"15,362,856","
Thanks to various magic, the human race has been saved from calamity many, many times. Retaining his memories from his previous life, a boy, Shin, was picked up by an old man known to the world as the ""Magi."" Shin was brought up by the Magi, who had retired to a secular place, as his own grandson. With the memories of his past life, he absorbed the Magi's craft and grew to be able to ,
"
Parallel Paradise,"15,195,600","
One day at school, Youta Tada sees someone strange entering school. Out of nowhere this being appears next to him and makes him fall from the third floor! But before he hits the ground, he wakes up in a strange world where beings like dragons exist! Youta then meets a young paladin named Lumi and discovers that he is the only man on the entire planet, and also that its inhabitants are extremely ,
"
Red Storm,"14,753,008","
Red Storm is an on-going weekly manhwa/webtoon collection drawn by Ahm Hyun and composed by Noh Kyungchan.
Red Storm follows the life and experiences of Yulian Provoke, the Young Glow (Glow is a name similar to Chieftan) of the Pareia Tribe, who dreams of becoming the most powerful warrior of the Red Desert. The early portions of the narrative focus on Yulian assembly Noya, a strong g ,
"
Lookism,"14,692,636","
Park Hyung Suk, overweight and unattractive, is bullied and abused on a daily basis. But a miracle is about to happen... Hihi
You may also like:
+ My ID is Gangnam Beauty ,
"
"Prince, Don’t Do This!","14,668,075","
In order to fulfil her mission of bringing peace to the land, the Princess of Uighur is going to travel to Changan and marry a prince. Her task is extremely difficult! She has to increase her IQ, finish her assignment, and try to win the love of the handsome prince! ,
"
"Please don't bully me, Nagatoro","14,576,789","
Nagatoro is a freshman girl in high school who loves bullying her Senpai. But he puts up with it, even after being put through all kinds of embarrassing situations, because he's in love with her. ,
"
SStudy,"14,492,131","
From Lezhin: A study group is where students gather together with the same goal in mind and help each other succeed. But not every study group is the same. And nooobody said there had to be a single goal in mind. Sunggi enters a study group that is supposedly focused on studying for the government service exam. But that doesn't mean that's all they have to do, right? ,
"
Everlasting God of Sword,"14,466,252","
He stood at the pinnacle of the world. Surpassing all since birth in the art of the sword. But fate has left him crippled moments before reaching the apex. But the story continues and the legend will rise again ,
"
Isekai Tensei Soudouki,"14,262,676","
Balud Cornelius is the son of a noble of the Mauricia kingdom and inside him also dwell the souls of the niggardly warring states commander Oka Sadatoshi and animal ear otaku high schooler Oka Masaharu. With these 3 souls in a single body, he can exhibit extraordinary abilities when it comes to combat or managing the domain. ,
"
Beastars,"14,147,041","
In a world populated by anthropomorphic animals, herbivores and carnivores coexist with each other. For the adolescences of the Cherryton School, school life is filled with hope, romance, distrust, and uneasiness. The main character is Legosi the wolf, a member of the drama club. Despite his menacing appearance, he has a very gentle heart. Throughout most of his life, he has always been an object ,
"
Minamoto-kun Monogatari,"14,088,630","
Minamoto-kun has a face pretty enough to make people think he's a girl. Because of his face, he was bullied by the girls in middle school who were jealous of his face. He developed a fear of women due to the trauma and he ended up attending a high school for boys. Just as he enters college and makes a promise to himself to overcome the trauma of his past, his father remarries and asks him to m ,
"
Player Reborn,"13,876,308","
Wan Jia was betrayed by one of his own teammates in the virtual reality game, ""King of Gamers"" (KOG) and lost his qualification. However, In his final moments before being removed from the game, he was transported back one year earlier to the day that ""King of Gamers"" launched. Already a master of the game and possessing in-depth knowledge of the ,
"
Very Pure,"13,484,645","
Yang Ming is the epitome of delinquents, getting in fights, skipping school, and cheating on tests. One day, he gets a mysterious pair of contact lenses that change his entire life.
,
"
Ruler of the Land,"13,435,750","
Bi-Kwang is a handsome young warrior who becomes a drooling mess whenever he sees a pretty girl. Out on the road he meets an extraordinary swordfighter with no name who is searching for a legendary master warrior. Bi-Kwang promises to aid the swordfighter if he lets Bi-Kwang meet his beautiful sister. Of course, it turns out the swordfighter is the sister, Hwa-Rin Dahm, and she must switch identit ,
"
Feng Ni Tian Xia,"13,432,611","
For the wine to be drunk on her wedding night to actually have been a cup of poison and for the one to poison her to be her husband, who would believe it? But such a thing had happened! And that was just the beginning of her bad luck. On her wedding night, she goes from a new bride to an abandoned wife, and in the blink of an eye, she become a princess married off into the wilderness of the frigid ,
"
World's End Harem,"13,407,183","
Series by LINK and ero-manga author Kotaro Shouno follows a young man awakened in a strange future about being frozen in an effort to save him from his currently incurable disease. ,
"
Skeleton Soldier Couldn’t Protect the Dungeon,"13,404,834","
His only purpose was to protect his master. And yet he was powerless to protect her. But fate has more in store for him as he gets another chance to protect his master once more and change his destiny.
,
"
Wu Dong Qian Kun,"13,363,029","
On the Journey of Self-cultivation, One Requires Control of Ying and Yang , Good Fortune, To Reach for Nirvana, Mastery over Life and Death, Power over Reincarnation. At the peak of Martial Arts, break the Heavens and shake the Universe!
You may also like:
+ Douluo Dalu
+ ,
"
Rakujitsu no Pathos,"13,359,859","
Updating ,
"
Supreme Demon,"13,228,306","
Updating ,
"
Fairy Tail,"13,185,197","
Celestial wizard Lucy wants to join the Fairy Tail, a guild for the most powerful wizards. But instead, her ambitions land her in the clutches of a gang of unsavory pirates led by a devious magician. Her only hope is Natsu, a strange boy she happens to meet on her travels. Natsu's not your typical hero - but he just might be Lucy's best hope. Note: Won the 33rd Kodansha Manga Award for Bes ,
"
Perfect Half,"13,128,543","
From Lezhin: Once a world ruled by men, women stand up and fight to become men's equal. Now, in a land that is equally divided up between man and woman, the battle of the sexes is on! Who's going to win? But more importantly...what's the name of the game? Original Webcomic Official Translation ,
"
Shen Yi Di Nu,"12,899,372","
Passing to another world at the sound of duang, divine doctor in both Chinese and western medicine Feng YuHeng became the abused first wife's daughter of Da Shun Dynasty at the fraction of a minute. Wanting to kill me, one scalpel will cause you hemiplegia? Fighting with me? Carrying the pharmacy, holding fame and profit, even the Emperor worms his way into being friends with me! But what is the c ,
"
Attack on Titan,"12,878,615","
The Best Attack On Titan Manga Review
Attack on Titan Manga is a series created by Hajime Isayama. The series is based on a fictional story of humanity’s last stand against man-eating giant creatures known as Titans. The series commenced in 2009 and has been going on for 6 years now. Attack on Titans manga is expected to continue with ,
"
Martial Legacy,"12,666,197","
A boy named Shi Shan along with his little sister were offered as sacrifice to a demon that has been haunting their village. They were rescued by a martial artist who exorcise demons. He took the siblings in as his disciples and taught them the art of cultivation and about the demons that dwell in this world.
,
"
Peerless Alchemist,"12,629,940","
She is the greatest and the last cultivator of the twenty-fourth century, however due to a certain mishap, she crossed into another world, into another body which has families oppressing her, a scumbag fiance abusing and steping over her…… Trying to take advantage of her now? Keke! Knocking on death’s door! Those who follow her will prosper, and those that oppose shall die! ,
"
Cultivation Chat Group,"12,497,391","
One day, Song Shuhang was suddenly added to a chat group with many seniors that suffered from chuuni disease. The people inside the group would call each other ‘Fellow Daoist’ and had all different kinds of titles: Palace Master, Cave Lord, True Monarch, Immortal Master, etc. And even the pet of the founder of the group that had run away from home was called ‘monster dog’. ,
"
Death March kara Hajimaru Isekai Kyousoukyoku,"12,418,869","
29-year-old programmer Suzuki Ichirou finds himself transported into a fantasy RPG. Within the game, he's a 15-year-old named Satou. At first he thinks he's dreaming, but his experiences seem very real. Due to his use of a 3-time-use special power (meteor shower), he ends up wiping out an army of lizardmen and becoming very high level. He hides his level and plans to live peacefully and me ,
"
Tsuyokute New Saga,"12,338,385","
The Demon King led his army of demons to wipe out the human race. The Hero, Kail, and his allies attacked the Demon King's castle to defeat the Demon King. The Demon King is slain, but at what cost? Kail lost all of his allies throughout the war. Friends, family, lovers, comrades. All dead, and he is dying. As Kail's life ebbs away in the Demon King's chamber, he notices a strange gem ,
"
The Great Ruler,"12,189,944","
The Great Thousand World. It is a place where numerous planes intersect, a place where many clans live and a place where a group of lords assemble. The Heavenly Sovereigns appear one by one from the Lower Planes and they will all display a legend that others would desire as they pursue the road of being a ruler in this boundless world. In the Endless Fire Territory that the Flame Emperor controls, ,
"
Strongest Worker,"12,137,591","
A maintenance worker, who should be living an ordinary life, is inexplicably involved in the struggle of the big figures. While he himself has related to a startling secret.
,
"
Here U Are,"12,095,003","
Receptioning the newcomers is a task for YuYang, and he ends up helping the unsociable and towering LiHuan, the kind of person that does everything to be disliked. But after better knowing each other, he discovers that the giant isn't that bad of a person at all ...
,
"
Hatsukoi Zombie,"12,091,326","
According to his childhood friend, Tarou Kurume is not interested in love. One day Tarou is struck on his head by a ball rendering him unconscious. When he wakes up, there's a girl floating above him. What has happened to Tarou? Who is this mysterious girl? Find out in this one of a kind romantic comedy series! ,
"
Master of Gu,"11,935,921","
A story of a villain, Fang Yuan who was reborn 500 years into the past with the ChunQiu Cicada he painstakingly refined. With his profound wisdom, battle and life experiences, he seeks to overcome his foes with skill and wit! Ruthless and amoral, he has no need to hold back as he pursues his ultimate goals. In a world of cruelty where one cultivates using Gu - magical creatures of the world - Fang ,
"
Master of Legendary Realms,"11,900,918","
The previous master of the Sprem Sect passed on his power to Ives before he ascended and became immortal. In order to rectify the Sect and rise up the top one as they were, Ives secretly changed his identify to be the son of the House Windsor, a powerful royal family of Shang dynasty... ,
"
Karakai Jouzu no Takagi-san,"11,856,067","
""If you blush, you lose!"" Living by this principle, the middle schooler Nishikata gets constantly made fun of by his seat neighbor Takagi-san. With his pride shattered to pieces, he vows to turn the tables and get back at her some day. And so, he attempts to tease her day after day, only to find himself victim to Takagi-san's ridicule again sooner than later. Will he be able to make ,
"
Mairimashita! Iruma-kun,"11,666,603","
Mairimashita! Iruma-kun is the story of Suzuki Iruma, who has been sold to the demon by his irresponsible parents in exchange for money. Surprisingly, next thing he knows, he is living with the demon and has been transferred into a school from Demon World. We invite you to follow Iruma-kun's extraordinary school life. ,
"
Feng Qi Cang Lan,"11,664,549","
When playing a virtual reality game called Cang Lan, Xiao Wan gets pushed off a cliff. She ends up in another game world. What will happen to Xiao Wan? ,
"
Fushigi Neko no Kyuu-chan,"11,662,223","
The cute Kyuu-chan is a wonder cat. Dance, sing, be happy together! ,
"
Tsurezure Children,"11,632,153","
From MangaHelpers: Wakabayashi Toshiya shows us a series of 4-koma manga depicting various scenarios of young love. These short stories range from a boy, crippled by his absolute lack of confidence in himself, cannot even accept the fact that the girl of his dreams actually asked him out on a date, to the near-psychotic girl that pours her own blood into her homemade chocolate in order to win his ,
"
Chaotic Sword God,"11,567,948","
Jian Chen, the publicly recognized number one expert of the Jianghu. His skill with the sword went beyond perfection and was undefeatable in battle, After a battle with the exceptional expert Dugu Qiubai who had gone missing over a hundred years ago, Jian Chen succumbed to his injuries and died.
After death, Jian Chen’s spirit was transmigrated into a completely foreign world. F ,
"
Namaikizakari,"11,472,742","
From Mystic Iris: Upon first sight Machida Yuki knows that she doesn’t want anything to do with Naruse Shou, but how can she keep her cool when he is a part of the basketball club she manages? ,
"
I Have a Mansion In The Post-Apocalyptic World,"11,433,016","
Updating ,
"
Legend of Immortals,"11,424,695","
A child was naturally born unable to practice asceticism/ inner strength. To get his fathers attention, he chose to practice outer strength the painful way. Spring passed Autumn came, time flew, this child grew as the year passed... He became a teenager, the thing that changer his fate is a spar that's is made from a shooting star/ shooting star that became a spar.. ,
"
This Doesn't Feel Like Me,"11,340,843","
Jin-Woo gets a new beautiful mom which is 10 years older than him.
,
"
The Dungeon Master,"11,250,857","
'Oh Ju-Yoon' is your typical, everyday part-timer. He dies to a coincidental accident, but because of his kindness, he is given another chance to live in a new and different world. However, his future is neither as a hero, nor mage... but a creature at the bottom of the food chain, 'Brick Worm', meeting an atrocious crisis?! Surreal events! An unexpe ,
"
Yuragi-sou no Yuuna-san,"11,130,455","
From MangaHelpers: Fuyuzora Kogarashi has spirit abilities, and has been possessed by ghosts since he was a kid. This has caused a lot of trouble in his life, but now he has learned to fight back against the evil spirits! Unfortunately, he's now also very poor, homeless, and hoping for a happier, more normal, high school life. In his search for housing, he's introduced to a very cheap boar ,
"
Baby Steps,"10,977,847","
Maruo Eiichirou (Ei-Chan), a first year honor student, one day decides he's unhappy with the way things are and lacks exercise. His mother gives him a flyer for the local Tennis Club and he decides to check it out. He's instantly captivated by it. With no prior experience and poor physical conditioning, join Ei-Chan as he embarks on a tennis journey using his smarts, dedication and work et ,
"
Haikyuu!!,"10,952,495","
Junior high school pupil Shoyo After viewing a nationwide tournament match on Television, Hinata develops a surprising love of volleyball. Although short tall, he becomes motivated to follow in the footsteps of the tournament's star player, nick-named the ""Little Giant"", after viewing his plays. He starts practicing by himself and produces a volley-ball club. Eventually 3 members joi ,
"
Out (Makoto Mizuta),"10,916,587","
17-year-old Iguchi Tatsuya has just been released from juvenile detention and is on probation. He's been relocated to a new area, away from the bad influence of his old friends, and is under the care of his aunt. He is determined not to be sent back to lockup, and he works hard in his aunt's restaurant. However, he still has the same personality, the same tendency to violence, and still ,
"
Akatsuki no Yona,"10,893,540","
Akatsuki no Yona Manga: Yona of the Dawn, known as Akatsuki no Yona in Japan. ""Yona of the Dawn"" , also called Akatsuki no Yona -The girl standing in the blush of morning-) is a Japanese manga series by Mizuho Kusanagi, serialized in Hakusensha's sh?jo manga magazine Hana to Yume from August 2009
,
"
Rokudou no Onna-tachi,"10,889,938","
Rokudou is a loser, and everyone knows it. He gets picked on at school, gets snide looks from passersby, and can only muster up the courage to complain in secret with his equally hapless friends. Looking to turn his life around, he desperately uses an ancestral artifact passed down in his family for generations: a scroll that is capable of subduing all demons. However, in the modern age it has a d ,
"
Household Affairs,"10,889,009","
Neglected wife commits adultery with the delivery boy, but unbeknownst to her, her husband is an assassin....
Webtoons you may also like:
+ Cohabitation!
+ Ghost Love
+ Refrain Love
+ ,
"
Ghost Love,"10,663,455","
Ho-Jin, a health trainer (fitness trainer?), suffers with stress-related insomnia due to relationship issues with his lover. Recommended by his friend, Ho-Jin attempts to cure his insomnia by sleeping naked, but instead, he unwillingly seduces a ghost that dwells in his house… Editor’s statement: Ghost in funeral garments is scary, but a naked ghost is sexy!
Webtoons you ,
"
Xian Ni,"10,612,402","
Saints, the most formidable beings under the heaven.This history follows Tie Zhu as he entered one of the elit schools: Heng Ye School and work his way toward of being a saint. But there´s a small problem, Tie Zhu has no talent and he is knowned as a ""trash"". So this is also a story of how hard work can beat talent. ,
"
Goblin Slayer: Side Story Year One,"10,588,527","
A prequel series that reveals Goblin Slayer's past and the events that led him to become an adventurer with the sole purpose of exterminating all goblins from the world. ,
"
Hare Kon.,"10,547,040","
Koharu, tired of all the men in her life being lying, married philanderers, decides to move back home, away from the city. Once there she finds her family saddled with a huge debt and no way out, until a handsome but creepy stranger offers to pay the debt, at the same time asking her to marry him. But, as if things weren't crazy enough, he already has two wives! ,
"
unOrdinary,"10,503,891","
The world is not perfect. Learning to deal with its flaws is just a normal part of life. But there comes a point where these imperfections spawn a crushing realization... that something needs to change... ,
"
Hiraheishi wa Kako o Yumemiru,"10,375,254","
It details the life of a mid-rank soldier who died at the very end of the war against the Demon Race. Fortunately for him, he wakes up to find that he’s a baby again, in the embrace of his real mother, years in the past. Determined to avoid the chain of tragedies that took his beloved ones away from him, he takes advantage of the advancements in swordsmanship and magic that developed during ,
"
Mujang,"10,305,443","
Set during the Goryeo military regime, a hero that arises from a slave to be reborn as a general. ,
"
Vinland Saga,"10,259,801","
Vinland Saga is established in England beginning in 1013 A D, the year in which the Danish King Sweyn Forkbeard captured most of it. As King Sweyn nears death, his sons, Prince Canute and Prince Harald, are arguing over his succession. The narrative draws components from historical reports of The Saga of Eric the Red, The Saga of the Greenlanders as well as the interval including The Flateyjarbok. ,
"
Isekai Meikyuu de Harem o,"10,253,996","
A man was about to commit suicide and decides to search for a way to die in the internet, but then he found an odd site that asked a lot of questions and had a point based system that allows you to create skills and abilities for a character. He took interest in it and when he finished setting his character he was asked ""You will now be transported to a world with the settings you choose, com  ,
"
Hanma Baki,"10,217,469","
The sequel to the Baki series, supposed to concentrate around the conflict of Baki vs his father. ,
"
Isekai Shihai no Skill Taker: Zero kara Hajimeru Dorei Harem,"10,204,156","
Konoe Yuuto was summoned to a different world where slave trading is legal. There, using his ""Skill Taker"" cheat ability, he steals the abilities of monsters he defeats, and starts building a slave harem while hoping to live a carefree life after retirement. ,
"
The Breaker: New Waves,"10,204,135","
After his master Goomonryong destroys his ki-center, Shioon leaves the world of the Murim for a normal life to which he believes his master was trying to return him. But for a boy who holds the Phoenix medallion of the Sunwoo clan and the knowledge of the Black Heaven & Earth Technique, the world of the Murim will come to him... Continuation of ,
"
Battle Frenzy,"10,139,771","
A sky with two moons; a soul world of endless possibilities; <br>Lonely darkness, and a strange and mysterious clown! <br>A federation of 100 cities. Three great empires. A world where monsters run rampant. <br>This is an age where heroes are born, where humanity strives to retake the earth! <br>And at the epicenter of it all: a special second-year student, Wang Zhong, ,
"
Karakai Jouzu no (Moto) Takagi-san,"10,109,990","
The (former) Takagi-san and her daughter, Chi-chan, bring you this teasing home comedy. Is Dad going to make an appearance too? ,
"
Detective Conan,"9,938,928","
Detective Conan Manga follows the experiences of Shinichi Kudo (also called Jimmy Kudo in Case Closed), a young detective prodigy who had been accidentally shrunk right into a child's body as a result of toxin he was force fed by members of a criminal syndicate. Family and neighbor friend Professor Agasa firmly indicated Shinichi conceal the people he cares about, so Shinichi ,
"
Kuro no Shoukanshi,"9,925,902","
Losing his memories, the curtains of the story of alternate world transfer of the MC rises. After the transfer his name changes to Kelvin. While steadily levelling, he adds new subordinates by mastering his skill. And by the time he noticed it, he had obtained overwhelming power. Where will our MC be heading off to?
,
"
Shikkaku Mon no Saikyou Kenja,"9,890,257","
In a certain world, there was someone who excelled in magic combat, people called him 『Sage』. Seeking the strongest combat art, he devoted himself to research every magic and combat arts in existence. And the conclusion he arrived at was very cruel, 『My body is not fit for magic combat』. Yet he didn’t give up. He sealed his own soul with a magic art, and was reborn in a far-off future. And the mag ,
"
Ten Count,"9,828,668","
When the President got into an accident, Shirotani Tadaomi met Kurose. On their very first meeting, Kurose could tell right away that Shirotani is Mysophobic and said that it’s pretty bad while suggesting it would be better to consult a doctor about it. Shirotani was left perturbed by the encounter. Who is Kurose? And how was he able to tell Shirotani’s condition? ,
"
Gantz,"9,795,166","
A couple of high school pupils, Masaru Kato and Kei Kurono, are hit with a subway train in a effort to save the life span of a drunk homeless guy who'd fallen onto the tracks. Following their deaths, Kato and Kurono find themselves transported to the inside of an unfurnished Tokyo flat, where they meet with a Gantz expert Joichiro Nishi, as well as other clueless players. The pair soon underst ,
"
Strongest Anti M.E.T.A,"9,761,226","
Scamming all day, every day, often venturing alone. He bluffs to get the ultimate power in this cultivation world?! world traveler Xue Que doesn’t always bluff, but he needs to.
,
"
Cohabitation!,"9,748,912","
YoonHee is a friend's girlfriend. And yes, she is so damn hot!!! That's how it all started.. What if you know your friend or maybe your girlfriend, or maybe both, is trying to cheat on you?!
You'll definitely like:
+ Household Affairs
+ Secret X ,
"
Baki Dou,"9,724,069","
Baki is bored. After the conclusion of the epic battle between father and son, he continues to fight in the underground arena and train nonstop, but he always has to suppress his yawn caused by the overbearing boredom. No amount of stimulus or danger can bring excitement to him at this point. Now, with the inclusion of the Prime Minister of Japan in the loop, a massive cloning project is attemptin ,
"
Goddess Creation System,"9,693,698","
Otaku Xiaxi committed suicide because a guy in a game exposed her true identity. However, she didn't die and instead time-traveled to a game with countless handsome men. Prepare to see how an otaku transforms into a beautiful goddess! ,
"
Days,"9,691,470","
Two boys met on a stormy night: Tsukushi, a boy with no special traits at all, and Jin, a soccer genius. On that night, Jin drags Tsukushi into the world of high-school soccer. It was nominated for Best Shōnen Manga at the 39th Kodansha Manga Awards. The series was number twelve in the Nationwide Bookstore Employees' Recommended Comics of 2014. ,
"
Gosu,"9,658,786","
A young man set forth to avenge his master, a once powerful martial artist who was betrayed by his own men and barely escaped with his life. Armed with his master's supreme martial art techniques, he is ready to bring terror and wreak havoc among the murim. But before he even got started, he learns that the ones who had betrayed his master are already dead... Erm, so what happens now?
,
"
The Ghostly Doctor,"9,635,766","
She, the leader of the hidden sect, specializes in poison and assassination. A genius, and a weirdo, in the eyes of others. After dying from an accident, she was reborn in the body of a disfigured lady. Having her identity changed and unable to return to her family, she abandoned them, but, if she doesn’t take revenge on those who caused her harm, will she be worthy of the title ""The ,
"
Citrus (SABURO Uta),"9,589,889","
Fashionable Yuzu imagined the first day at her new school she transferred to after her mother’s remarriage a bit differently; she didn’t know it’d be an ultra-strict and conservative girls’ school. So instead of a sweet high-school romance, she butts heads with the stern student council president Mei – who turns out to be her new step sister. And she has to learn that ,
"
Hajimete no Gal,"9,568,592","
Spring. The ""season of love"" has arrived and it seems that finding himself a girlfriend was harder than Jun'ichi believed. To break the status quo, Jun'ichi's friends have forced him into confessing to the gyaru, Yame Yukana. However, things do not go quite as he expected. A series of ""firsts"" begins! ,
"
The Master of Martial Arts Retired Life,"9,516,728","
Starting today, I retire. But what should I do...... I don't have any talents, and I don't have the brains for business. My only talent is to defeat enemies all over the world. What a pain......
,
"
I Was Trash,"9,500,826","
He was looked down on, forced to break off his engagement, he was murdered, maybe this is the life that trash should have… But he was taken over by me, the strongest cultivator, Cang Kun Zi, as I reborned. Now that I'm here, I'll make the best of it! Watch as I use this trash body of mine to trample upon you mere ants!
,
"
Hatarakanai Futari (The Jobless Siblings),"9,495,755","
A slice-of-life story about two siblings, both jobless shut-ins.Haruko is a teenage girl who shares with her brother a love of laying around the house in sweats, watching television and playing video games. Her brother has a few friends, but Haruko has a lot of problems with social anxiety. The two of them pass their days happily playing together, though their mother worries about how she's going ,
"
"Kanojo, Okarishimasu","9,438,013","
Kinoshita Kazuya dumped for another guy, he hires Mizuhara Chizuru from an app called Diamond to be his girlfriend to make himself feel better. ,
"
Ranker Who Lives A Second Time,"9,432,663","
Yeon-woo had a twin brother who disappeared five years ago. One day, a pocket watch left by his brother returned to his possession. Inside, he found a hidden diary in which was recorded “By the time you hear this, I guess I will be already dead….” ,
"
Wicked Young Master's Forceful Love: Training the Runaway Wife,"9,424,127","
""Don't touch our mom!"" Two children, a boy and a girl, block the demon boss outside. The woman he has his eyes on was not only claimed by someone else first, but also has two kids! ""Heart robber, get out here!"" Facing the crazy roars of the king is the very pure and innocent yet sexy mother...X years ago, she was violated against her will, is that her fault? C'mon you p ,
"
Maken no Daydreamer,"9,399,813","
Minato is a college student who died in a plane crash and was reincarnated in a fantasy world. He was raised alone in the wilderness by his succubus mother, and now he tries to make his way as an adventurer ,
"
Isekai Kenkokuki,"9,394,413","
A protagonist reborn in another world. Apparently he had been reincarnated as an abandoned child. Before his eyes were abandoned children like him. In order to survive, he led them into farming. Little by little, orphans gathered, and upon hearing rumors of a village, others began to migrate. The group that had been nothing but children had become a village before anyone realized. And then various ,
"
Kishuku Gakkou no Juliet,"9,340,322","
""To Love, or not to Love"" Juliet Percia and Inudzuka Romeo are archenemies. They lead two high-school dormitories from to two rivalling countries. Both factions are dead set on defeating the other to gain control over the island they have to share. Beneath the feuding exterior, however, Percia and Inudzuka long for love and peace for their budding relationship... ,
"
The Fiancees Live Together,"9,328,738","
His fiancee lost her parents so she will be living with the Hyeons, but Sang-Won is a middle school student and the fiancée is a 24 year old adult!? Sang-Won tries to deny that his fiancée is 9 years older than him, but seeing that she does not act her age, he then feels comfortable around her. His fiancée seems kind and innocent on the outside, but on the inside... ,
"
Seijo no Maryoku wa Bannou desu,"9,328,429","
Sei, a 20 year old office worker was summoned to a different world after finishing some overtime work. But the person who had summoned her looked at her face and said, “This is not the Saint.” Is this neglect play!?
Sei left the royal palace and concealed her saint title. She started working at a laboratory where she made potions and cosmetics. She used her magic to grant ,
"
A Story About Treating a Female Knight Who Has Never Been Treated as a Woman as a Woman,"9,289,576","
Female knight Leo has never been treated as a woman...until the magician Fooly(フーリー) treats her as one. These two will challenge the quest named ""Romance"", which is tougher to complete than a super hard dungeon! ,
"
Tokyo Ghoul:re,"9,229,571","
Part 1 : Tokyo Ghoul
In Tokyo, an unchanging despair is lurking. Mysterious man-eating beings, ghouls, run rampant in Tokyo. Living hidden during everyday life, the existence of ghouls, whose true identities are shrouded in mystery, permanently terrorizes Tokyo's residents. At CCG, the sole insti ,
"
Toaru Ossan no VRMMO Katsudouki,"9,153,718","
Typical company employee Tanaka Daichi (38 years old, single) loves games and plays a new type of VRMMO called ""One More Free Life Online"" under the username ""Earth"". Inside this free world he chose several skills that are generally regarded as useless. Be it wasting time crafting potions, cooking up pointlessly tasty food, or hunting monsters with some absurd weapon he crafted ,
"
My Great Sword,"9,150,453","
This is a story of a man who is cursed to live a life of solitude! Whether the ladies be eight or eighty years old, his cursed ability would affect them. Even the slightest of skin contact would cause any woman to fall into an uncontrollable state of lust and desire. Thus our hero, Sun Lang, journeys through this word in search of a way to lift his curse. He swears upon his life, that before he ,
"
Yahalue,"9,150,222","
After acquiring the crème of the crop slave, an unimaginable adventure begins. A birth of a sexy-fantasy series that will rock your world!
Manhwa you may like:
+ Ghost Love
+ Refrain Love
+ H Campus
,
"
I'm a Middle-Aged Man Who Got My Adventurer License Revoked,"9,022,793","
Douglas, once known as a legendary strong magician. But now he is called old man, his body fades and becomes tattered. In addition, the brave party will be fired, and eventually the guild will be stripped of the adventurer's license. In this way, Douglas, who was determined to travel alone, encounters a cursed girl, Ravi, while wandering, and the journey of two people begins.
,
"
The Superb Captain in the City,"9,021,570","
An extraordinarily charming and capable retired special forces who is pursued by enemies all over the world and targeted by evil powers. On top of these, he is also burdened with the mission of protecting his loved one. What kind of experience will this be?
,
"
ReLIFE,"9,019,394","
The story follows Kaizaki Arata, a 27-year-old jobless man who fails at every job interview he had after quitting his last company which he only lasted at for three months. His life changes after meeting Yoake Ryou of the ReLife Research Institute, who offers him a drug that can change his appearance to 17-years-old again and to become a subject in a one-year experiment in which he begins his life ,
"
"To You, The Immortal","8,940,988","
An immortal being was sent to the surface of the earth and met a boy living alone in the middle of tundra. The being can take the shape of dying things, but only if the ""impetus"" is stronger than the previous one. What sort of experiences and meetings will the being encounter while living forever? ,
"
Unbalance x 3,"8,937,634","
Taehyun Choi lives with his sister Hakyung Choi. You could say they have a normal life. On the one hand Hakyung has a good job and is successful, however Taehyun isn't good at studying. His life takes a drastic change when he accidentally learns that he and Hakyung aren't siblings. Which is why he decides to confront her, but then she suffers a serious accident and loses her memory. This i ,
"
Yuusha ga Shinda!,"8,932,192","
Three Years ago a Hero sealed a Hell Gate. The Seal has been weakening ever since, sporadically letting Monsters through. After a big Group of Monsters entered the Country through a Hell Gate, the profession of Heroes was needed again. Touka Scott a small Radish Farmer in the southern Town of Cheza is prepared for sudden Monster Attacks. He built himself a hidden Pittrap with Bamboo spikes, to lur ,
"
Kuroshitsuji,"8,856,922","
In the Victorian ages of London The Earl of the Phantomhive house, Ciel Phantomhive, needs to get his revenge on those who had humiliated him and destroyed what he loved. Not being able to do it alone he sells his soul to a demon he names Sebastian Michaelis. Now working as his butler, Sebastian must help the Earl Phantomhive in this suspenseful, exciting, thriller manga. Overcoming many obstacles ,
"
They Say I Was Born a King's Daughter,"8,813,666","
After spending most of her youth fielding the attention of countless wealthy suitors, Suhee Kim finally finds true love with a steady boyfriend named Jinsu Han. But then tragedy strikes, and Suhee is murdered in cold blood.
To Suhee's surprise, she is immediately reincarnated as a baby girl named Sanghee Kim, who just so happens to be a princess! Plus, she is fully conscious of he ,
"
Konjiki no Moji Tsukai - Yuusha Yonin ni Makikomareta Unique Cheat,"8,769,246","
Five people summoned to another world to battle the demon lord who threatens that world. However, there were only four heroes that were summoned, and the other an innocent bystander. What will the innocent bystander do next? ,
"
Black Haze,"8,703,161","
Black Haze follows the storyline a lad who takes a key, of Rood Chrishi -- he's truly the well-known Black Magician, [Strike], among the most youthful but most powerful wizards on the planet. Despite this, recently, the grasp of his organization's has just been delivering out him on assignments that are little, like orchestrating small payback schemes for customers and running errands. ,
"
Saikin Kono Sekai wa Watashi dake no Mono ni Narimashita......,"8,686,899","
One morning, upon waking up, people disappeared from the world. Only a single girl was left behind. A beautiful girl's sexual fantasy of seeking men and warmth !! ,
"
DICE: The Cube that Changes Everything,"8,677,673","
Dongtae is rock bottom in everything. Looks, grades, life, everything. But all that might change. If you could change your life by playing a game, would you? English Version by Naver ,
"
Murabito desu ga Nani ka?,"8,635,835","
Our protagonist was reincarnated in a world with goblin and dragon....but his optimal job is ""villager"". Using the cheat ""getting one chance to redo life after death"" he will show you what a villager can do. ,
"
Chong Sheng - Resurrection,"8,634,565","
Wang Huan, is a veteran assassin who has an important mission and is to eliminate the head of the Lin Group. When he is about to kill his main target suddenly appears the daughter of the boss and by reflexes Wang Huan Le shoots him and in revenge the boss of the Lin Group, he responds with a shot, although he manages to kill his target, his informant tells him that Mission failure to kill the girl ,
"
Tokyo Ghoul,"8,611,266","
Part 2 : Tokyo Ghoul : Re
Tokyo Ghoul Manga
is a story happening in a world where instead of undertaking the first rank on the food chain, human being is hunted and devoured by a human-like creature named Ghoul. This organism possesses supernatural powers beyond capacity of a normal man.
,
"
The Reincarnation Magician Of The Inferior Eyes,"8,594,390","
Abel was a genius magician who held immense power in a world where the color of your eyes indicates how powerful you are. However, the strength that came with his amber eyes was so great, even his comrades looked at him with fear and contempt. He therefore decided to transfer his soul far into the future, hoping to find a paradise that accepts him. He would soon f ,
"
Because I'm An Uncle who Runs A Weapon Shop,"8,557,704","
A weapons shop owner who is more much more capable than he looks, a clever and cute young demon loli from unknown origins. What roles do these two play in a new world where nothing is certain!
,
"
My Amazing Wechat,"8,545,028","
Leo, a common middle school student, was accidently invited to a Wechat group full of miracle figures, such as Lord of Thunder, Mother of Lighting, Mighty Miracle God... since then his life became totally different with wonderful equipment he got from the Wechat group. ,
"
Isekai Yakkyoku,"8,505,124","
A young pharmacologist and researcher in Japan died from overworking, and was reincarnated in a Medieval Parallel Europe.
He was reincarnated as a 10-year-old apprentice to a famous Royal Court pharmacist, had attained an inhuman skills of ability to see through disease, material creation, and material destruction.
In a society in which dubious medical practice are rampant, price gouging thru th ,
"
Isekai Maou to Shoukan Shoujo Dorei Majutsu,"8,475,652","
Updating ,
"
"Makikomarete Isekai Teni suru Yatsu wa, Taitei Cheat","8,445,822","
Updating ,
"
"Gaikotsu Kishi-sama, Tadaima Isekai e Odekake-chuu","8,340,186","
The protagonist fell asleep while playing an online game. However, he awoke in a strange world with his game character’s appearance. In a state of shock, he noticed that he was equipped with nothing but his strongest weapon and armor. To make matters worse, our hero’s appearance was changed by the special avatar skin 『Skeleton』 when he enter this new world. The protagonist wanted to li ,
"
King of Apocalypse,"8,324,715","
Qin Yu was killed a few hundred years into the future during the apocalypse due to a misjudgment. He then traveled back in time before the apocalypse kick off, relying on his battle hardened apocalypse experience and techniques, Qin Yu rapidly developed into a formidable opponent, passing through hurdles, saving the world all while protecting his beloved sister. ,
"
Amano Megumi wa Suki Darake!,"8,277,665","
Shindo Manabu is a student in a very prestigious high school whose goal is to get into Tokyo University. He studies constantly and tries to never lose sight of that goal. That is until his childhood friend, Amano Megumi, who goes to the same school starts to distract him. He originally only remembered her as the tomboy she was as a kid, until they meet up again and he notices how ""developed&q ,
"
An Innocent Sin,"8,210,966","
From Lezhin: Thinking she's all by herself on the last train home, Nayeon feels the urge to enjoy herself by fantasizing about her desires. However, a reflection from the train windows show that a mystery man is on the same train. He comes up to her and offers his business card. At the thought of seeing this handsome stranger once more, she takes his offer and arrives at a place called Peach P ,
"
Dungeon Seeker,"8,181,930","
Junpei Takeda, a high school student, is childhood friends with Noriko Tatsumiya and the bully Kido Shouta. One day, during the usual course of bullying Junpei, they were suddenly summoned to a different world by the whim of ""God"". Summoned Heroes with cheats, or so he thought. But it turns out Junpei's stats were even worse than an average farmer. Tricked into a deathly labyrinth by ,
"
I Shall Seal the Heavens,"8,140,395","
This is about a failed young scholar named Meng Hao who gets forcibly recruited into a Sect of Immortal Cultivators. In the Cultivation world, the strong prey on the weak, and the law of the jungle prevails.
Meng Hao must adapt to survive. And yet, he never forgets the Confucian and Daoist ideals that he grew up studying. This, coupled with his stubborn nature, set him on the path of a true hero. ,
"
Martial Master,"8,133,269","
The legendary martial master Simon was betrayed by friends and persecuted to death. Three hundred years later, he reborn in an illegitimate child of the royal family who was deceived. With his past powers, Simon again creates his legend in this land. Surely, it must be a revenge and reconquer road filled with blood!
,
"
Koi to Uso,"8,131,422","
Lies are forbidden and love is doubly forbidden. In the near future, when young people in Japan turn sixteen, they are assigned a marriage partner by the government. People don't have to go through the trouble of looking for someone, and everyone accepts that the country will find a compatible partner to make them happy. Yukari Nejima is fifteen years old. He lives in a small corner of the cou ,
"
Murenase! Shiiton Gakuen,"8,105,664","
Seton Academy, a school full of animals where, thanks to population decline, there are fewer humans than any other creature. Mazama Jin, an animal hater and the only human male in his class, falls in love with Hino Hitomi, the only female human, the moment he lays eyes her. However he soon finds himself entangled with various other creatures after he reluctantly joins the 'pack' of Lanka t ,
"
Killing Stalking,"8,100,050","
Yoonbum, a scrawny quiet boy, has a crush on one of the most popular and handsome guys in school, Sangwoo. One day, with Yoonbum's obsession towards Sangwoo reaching its peak, Yoonbum decides to enter Sangwoo's home. But what he saw inside was not the Sangwoo he had dreamed of. ,
"
The Strongest Wizard Becomes a Countryside Guardsman After Taking an Arrow to the Knee,"8,064,876","
The strongest wizard Alfred, in a hero’s party, subdued the Maou and in the process took a cursed arrow to the knee.
Even with the hurt knee, Alfred’s still the strongest wizard ever. So…
「We need a chief for our newly created knight squad!」 「Could you help us as our guild manager?」「We need someone to rid us of the dragon that resides in the North Mount ,
"
Finder,"8,039,172","
While out on assignment trying to document the illegal activities of the Japanese underworld, photographer Takaba crosses paths with the dark and mysterious leader Asami. Asami takes Takaba captive in an attempt to subjugate and possess him. But when the son of the Chinese mafia enters demanding evidence that Takaba may have, will Takaba be able to survive being caught in the crosshairs of a deadl ,
"
Kakao 79%,"8,002,527","
Ayano, Tsubasa and Ichinose, Yuu are childhood friends. Since they were kids, they were inseparable. But one day they have to part each other's way because both of them are transferring homes. Clueless of where they will transfer, they were shocked when they see each other going to the same school from the place they transferred in. ,
"
Made in Abyss,"7,998,930","
The enormous cave system, known as the Abyss, is the last unexplored place in the world. Nobody knows how deep down goes this titanic pit, inhabited by strange and wondrous creatures and full of mysterious ancient relics which purpose in unknown to modern man. Generations of bold adventurers have been drawn by the cryptic depths of the Abyss. In course of time those brave enough to explore the dan ,
"
Hunter X Hunter,"7,969,183","
Read Hunter x Hunter Manga
Everyone has their own personal taste when it comes to a favorite manga, and there's no question that the ""old school"" manga of a few decades ago not only have their strong original following but the modern growth in animation of all types over the past decade and change have added droves of new followers to even many of these ,
"
Hinomaru Zumou,"7,964,906","
It is a divine ritual, a martial art, a combat sport—it's sumo!! A ""small"" new student, Ushio Hinomaru, appears before the weak little sumo club of Oodachi High School! The words ""big"" and ""heavy"" are the rules to this sport, which does not fit this newbie any inch, but this guy goes and does what...!? Ushio and the small sumo club climbs its way to the top! ,
"
Legend (TAKANO Masaharu),"7,952,697","
Reiji Saeki living in the north eastern countryside town lost his life in an accident during summer vacation. .....But before he knew it, a mysterious ball of light exist in front of his eyes in a world of whiteness. Being a magician from a parallel world, that ball of light is looking for someone qualified to inherit the magic they had created to prevent it from being lost. Reiji who took on that ,
"
Pervert Club,"7,893,523","
A thrilling yet flirtatious relationship between the perverted girl Lee-ni, who gets excited from the wicked stares of men, and Du-jun, who is insensitive to sexual stimulus due to his father, who is an AV director, has begun! While showing off her cleavage and exposing her underwear, Lee-Ni’s pride is hurt when Du-jun isn’t aroused even after seeing her bare form. The end result becom ,
"
JoJo's Bizarre Adventure Part 6 - Stone Ocean,"7,865,148","
Sixth story arc of JoJo no Kimyou na Bouken series.
The story of Jotaro kujo's daughter, Jolyne Cujoh. She is framed for a murder and ends up in the Green Dolphin Street Prison. She is given an amulet inherited from her father, which cuts her hand and unlocks her Stand ability, Stone Free, which allows her to unravel her body into living string. The string can form a humanoid Stan ,
"
Chichi Chichi,"7,863,751","
One day, a picture book writer named Yorozu Hiraku was asked by his close online friend, Chintarou, if they could share a room while he attended a nearby university. Although they only knew each other through online interactions, Hikaru agrees to it without much thought. However unbeknownst to Hikaru, Chintarou, despite having a male name, is actually a girl; a very well endowed girl. ,
"
"Saotome Girl, Hitakakusu","7,852,163","
High-Schooler Tsukishima Satoru gets confessed to by local female High-School boxing-talent Saotome Yae. He rejects her initially because he does not want to impede her boxing career (and prevent getting beaten up by her fans). Her female coach, Shioya hears about this and decides to install him as Saotome's trainer so that they can secretly date each other. This situation is also aided by his ,
"
"Tenseishichatta yo (Iya, Gomen)","7,749,325","
From MangaHelpers: After a god screws up and accidentally takes high schooler Shou's life, he offers him reincarnation with a gift to make up for it. Shou asks to retain all his old memories for the new life. Shou is reborn as Will, a noble's son in a world where magic use is common and involves knowledge of kanji characters. With all his memories, he's a brilliant toddler, and when he ,
"
Mob Psycho 100,"7,742,014","
Kageyama Shigeo (a.k.a. ""Mob"") is a 8th grader with psychic abilities. He could bend spoons and lift objects with his mind from a young age, but he slowly began to withhold from using his abilities in public due to the negative attention he kept receiving. Now, the only thing he wants is to become friends with a girl in his class, Tsubomi. With his psychic ""mentor"" (who has no ,
"
"Fukushuu o Koinegau Saikyou Yuusha wa, Yami no Chikara de Senmetsu Musou Suru","7,739,645","
Raul who had defeated the demon king as the strongest hero should have become the savior of the world.
Having his treasured companions and family killed by power hungry aristocrats, he was executed with false charges brought against him by the princess. Just before his life collapsed, at last his heart fell into darkness.
...I will tear those traitors from limb to limb. B ,
"
"Gate - Jietai Kare no Chi nite, Kaku Tatakeri","7,661,221","
A gate appears in Tokyo's Ginza district sometime in the 21st century. From the gate pours out monsters, knights from middle-age Europe, and other fantasy-like beings, and they kill many of the citizens of Tokyo. This event is known as the Ginza Incident. The government sends a small group of soldiers from the Japanese Self-Defense Forces to the alternate world beyond the gate. Led by otaku so ,
"
Return From the World of Immortals,"7,643,264","
The fairy tales of the celestial world are flying in the soul, and the souls return to the original body on the earth. Tang Xiu was surprised to find that the celestial world had passed 10,000 years, and only one year passed on the earth.
,
"
Girls of the Wild's,"7,623,974","
Girls of the Wilds Manga
The storyline follows a high school man who registers as the only male pupil in a former all-girls school of winner combatants, and battles with dealing with his schoolmates that are fit, together with while training in mixed martial arts, bullies and gangsters
Girls of the Wilds Manga
,
"
Doulou Dalu,"7,591,493","
Tang Sect, the most famous martial arts sect of all. By stealing its most secret teachings to fulfill his dreams, Tang San committed an unforgivable crime. With his ambition attained, he hands his legacy to the sect and throws himself from the fearsome “Hell’s Peak.” But he could have never imagined that this would take him to another world, one without martial arts and grudges. ,
"
New Grappler Baki,"7,545,539","
There is three series of Baki, this one is Baki, the 2nd one.
1-Baki the Grappler(1991-1999) 42 volumes
2-Baki(1999-2005) 31 volumes
3-Hanma Baki(2005-12-05) ? volumes
Baki Hanma is a generally happy student with a rather odd hobby; he likes fighting. Specifically, he likes fighting in a secret martial arts tournament that gathers the greatest fighters of the world and pits them against each ,
"
Skip Beat!,"7,543,416","
Read Skip Beat manga
Follows the storyline of Kyoko Mogami, a sixteen-year old girl who adores Shotaro Fuwa, her childhood buddy, but is betrayed by him. Having spent a big portion of her youth at the parents of Shotaro' hostel, she learned a whole lot about other and hostelry such occupations. One day, she overhears Shotaro whining to his supervisor about her, sa ,
"
Daiya no A - Act II,"7,522,290","
Sequel to Diamond no Ace. Continuation of Daiya no A - our protagonists continue to advance at Koshien, the biggest high school baseball tournament in Japan.
Sport manga you may like:
+ Smoky B.B. ,
"
Dead Tube,"7,495,951","
Distributing thrilling videos in secret!! A school game that puts life and death on the line!! ,
"
